[
  {
    "name": "Sofia",
    "population": 2001050
  },
  {
    "name": "Kairo",
    "population": 5432000
  },
  {
    "name": "New York",
    "population": 11563790
  },
  {
    "name": "Tokyo",
    "population": 27634593
  },
  {
    "name": "Moscow",
    "population": 4523120
  },
  {
    "name": "Rome",
    "population": 3021333
  },
  {
    "name": "Madrid",
    "population": 7403213
  },
  {
    "name": "Paris",
    "population": 8900043
  },
  {
    "name": "Zanzibar"
  },
  {
    "name": "Rio de Janeiro",
    "population": 6345231
  },
  {
    "name": "Washington DC",
    "population": 3204506
  },
  {
    "name": "Pekin",
    "population": 23023020
  },
  {
    "name": "Delhi",
    "population": 12398421
  },
  {
    "name": "Kuala Lumpur",
    "population": 1000482
  },
  {
    "name": "Sidney",
    "population": 4283102
  },
  {
    "population": 1000000
  },
  {
    "name": "Mexico City",
    "population": 12041284
  }
]
